Date,Name,Year,Letterboxd URI
2024-01-07,Parasite,2019,https://boxd.it/hTha
2024-01-07,Barbie,2023,https://boxd.it/bCLK
2024-01-07,Joker,2019,https://boxd.it/h4cS
2024-01-07,Spider-Man: Into the Spider-Verse,2018,https://boxd.it/azpY
2024-01-07,Interstellar,2014,https://boxd.it/4VZ8
2024-01-07,Knives Out,2019,https://boxd.it/jWEA
2024-01-07,The Batman,2022,https://boxd.it/eDGs
2024-01-07,Pulp Fiction,1994,https://boxd.it/29Pq
2024-01-07,Get Out,2017,https://boxd.it/eOCm
2024-01-07,Midsommar,2019,https://boxd.it/jhxe
2024-01-07,Oppenheimer,2023,https://boxd.it/wUow
2024-01-07,The Dark Knight,2008,https://boxd.it/2b0k
2024-01-07,Inception,2010,https://boxd.it/1skk
2024-01-07,Spider-Man: Across the Spider-Verse,2023,https://boxd.it/kSz4
2024-01-07,Spider-Man: No Way Home,2021,https://boxd.it/nwRw
2024-01-07,The Truman Show,1998,https://boxd.it/18U8
2024-01-07,The Wolf of Wall Street,2013,https://boxd.it/3C1m
2024-01-07,American Psycho,2000,https://boxd.it/28Vs
2024-01-07,The Menu,2022,https://boxd.it/lScm
2024-01-07,Spirited Away,2001,https://boxd.it/2b4m
2024-01-07,Gone Girl,2014,https://boxd.it/6hQu
2024-01-07,The Shining,1980,https://boxd.it/29Nu
2024-01-07,Eternal Sunshine of the Spotless Mind,2004,https://boxd.it/6YK
2024-01-07,Inglourious Basterds,2009,https://boxd.it/1JzG
2024-01-07,Glass Onion,2022,https://boxd.it/oCkK
2024-01-07,Avengers: Infinity War,2018,https://boxd.it/9vEe
2024-01-07,Avengers: Endgame,2019,https://boxd.it/9vE4
2024-01-07,Se7en,1995,https://boxd.it/29zs
2024-01-07,Forrest Gump,1994,https://boxd.it/728
2024-01-07,The Silence of the Lambs,1991,https://boxd.it/2aHW
2024-01-07,Baby Driver,2017,https://boxd.it/bhF2
2024-01-07,Django Unchained,2012,https://boxd.it/2cCk
2024-01-07,The Social Network,2010,https://boxd.it/17ue
2024-01-07,Hereditary,2018,https://boxd.it/hNVe
2024-01-07,Her,2013,https://boxd.it/4O24
2024-01-07,Scott Pilgrim vs. the World,2010,https://boxd.it/1Aq6
2024-01-07,Black Panther,2018,https://boxd.it/8MHs
2024-01-07,The Matrix,1999,https://boxd.it/2a1m
2024-01-07,Shutter Island,2010,https://boxd.it/1U82
2024-01-07,Taxi Driver,1976,https://boxd.it/2b8y
2024-01-07,Guardians of the Galaxy,2014,https://boxd.it/3VH2
2024-01-07,Fantastic Mr. Fox,2009,https://boxd.it/1WyQ
2024-01-07,Arrival,2016,https://boxd.it/aNGk
2024-01-07,Blade Runner 2049,2017,https://boxd.it/b8wK
2024-01-07,Don't Look Up,2021,https://boxd.it/o0Hc
2024-01-07,The Shawshank Redemption,1994,https://boxd.it/2aHi
2024-01-07,The Lord of the Rings: The Fellowship of the Ring,2001,https://boxd.it/2b5O
2024-01-07,Coco,2017,https://boxd.it/bYJQ
2024-01-07,Dead Poets Society,1989,https://boxd.it/2aSg
2024-01-07,Avatar: The Way of Water,2022,https://boxd.it/2E2E
2024-01-07,Spider-Man: Homecoming,2017,https://boxd.it/aboM
2024-01-07,Air,2023,https://boxd.it/Arlc
2024-01-07,Troll Hunter,2010,https://boxd.it/NQY
2024-01-07,Star Wars,1977,https://boxd.it/72s
2024-01-07,Thor: Ragnarok,2017,https://boxd.it/8MHi
2024-01-07,GoodFellas,1990,https://boxd.it/29FA
2024-01-07,1917,2019,https://boxd.it/jj4y
2024-01-07,Up,2009,https://boxd.it/1OEc
2024-01-07,Doctor Strange in the Multiverse of Madness,2022,https://boxd.it/gaTc
2024-01-07,Mad Max: Fury Road,2015,https://boxd.it/2DjO
2024-01-07,Deadpool,2016,https://boxd.it/9fOC
2024-01-07,WALL·E,2008,https://boxd.it/1VEo
2024-01-07,Spider-Man: Far From Home,2019,https://boxd.it/fegG
2024-01-07,Good Will Hunting,1997,https://boxd.it/2ahY
2024-01-07,Dunkirk,2017,https://boxd.it/d0Y6
2024-01-07,Avatar,2009,https://boxd.it/1Efm
2024-01-07,Little Miss Sunshine,2006,https://boxd.it/29EW
2024-01-07,Harry Potter and the Prisoner of Azkaban,2004,https://boxd.it/29Qy
2024-01-07,The Avengers,2012,https://boxd.it/1xFW
2024-01-07,The Hunger Games,2012,https://boxd.it/2uds
2024-01-07,2001: A Space Odyssey,1968,https://boxd.it/2bf0
2024-01-07,No Country for Old Men,2007,https://boxd.it/21ew
2024-01-07,Harry Potter and the Philosopher's Stone,2001,https://boxd.it/29QS
2024-01-07,Scream,1996,https://boxd.it/24EC
2024-01-07,It,2017,https://boxd.it/bC8e
2024-01-07,The Empire Strikes Back,1980,https://boxd.it/27Vw
2024-01-07,The Breakfast Club,1985,https://boxd.it/27q4
2024-01-07,Prisoners,2013,https://boxd.it/4E5i
2024-01-07,A Quiet Place,2018,https://boxd.it/fVJQ
2024-01-07,Tenet,2020,https://boxd.it/leq4
2024-01-07,Guardians of the Galaxy Vol. 2,2017,https://boxd.it/8MxC
2024-01-07,Mean Girls,2004,https://boxd.it/1VNg
2024-01-07,Spider-Man,2002,https://boxd.it/2a8i
2024-01-07,Marriage Story,2019,https://boxd.it/hJAw
2024-01-07,Iron Man,2008,https://boxd.it/28dA
2024-01-07,Jurassic Park,1993,https://boxd.it/2aA2
2024-01-07,Toy Story,1995,https://boxd.it/29qA
2024-01-07,Doctor Strange,2016,https://boxd.it/8MH8
2024-01-07,Zodiac,2007,https://boxd.it/27MO
2024-01-07,Captain America: Civil War,2016,https://boxd.it/89Ja
2024-01-07,The Lord of the Rings: The Return of the King,2003,https://boxd.it/2b5u
2024-01-07,The Incredibles,2004,https://boxd.it/1XLm
2024-01-07,Coraline,2009,https://boxd.it/1NhQ
2024-01-07,Shrek,2001,https://boxd.it/29zi
2024-01-07,Alien,1979,https://boxd.it/2awY
2024-01-07,The Dark Knight Rises,2012,https://boxd.it/H3m
2024-01-07,Home Alone,1990,https://boxd.it/29Fg
2024-01-07,Star Wars: The Force Awakens,2015,https://boxd.it/4vru
2024-01-12,Society of the Snow,2023,https://boxd.it/y9aw
2024-02-04,The Lego Batman Movie,2017,https://boxd.it/azp0
2024-02-08,The Town,2010,https://boxd.it/1zyS
2024-02-12,Poor Things,2023,https://boxd.it/tNWU
2024-02-19,Anyone But You,2023,https://boxd.it/EzA8
2024-02-20,Fight Club,1999,https://boxd.it/2a9q
2024-02-28,Toy Story 3,2010,https://boxd.it/1WRe
2024-02-28,Incredibles 2,2018,https://boxd.it/7IPg
2024-02-28,Cars,2006,https://boxd.it/29ho
2024-02-28,Toy Story 2,1999,https://boxd.it/29qq
2024-02-28,Finding Nemo,2003,https://boxd.it/72i
2024-02-28,Killers of the Flower Moon,2023,https://boxd.it/gHp0
2024-03-01,Groundhog Day,1993,https://boxd.it/2b3e
2024-03-05,Mystic River,2003,https://boxd.it/2aAG
2024-03-08,Dark Waters,2019,https://boxd.it/kaYu
2024-03-14,The Talented Mr. Ripley,1999,https://boxd.it/2924
2024-03-18,Last Night in Soho,2021,https://boxd.it/lbJC
2024-03-22,The Curious Case of Benjamin Button,2008,https://boxd.it/23Fk
2024-03-27,The Invisible Man,2020,https://boxd.it/kWlA
2024-03-31,The Lord of the Rings: The Two Towers,2002,https://boxd.it/2b5E
2024-03-31,Spider-Man 2,2004,https://boxd.it/2a88
2024-03-31,Batman Begins,2005,https://boxd.it/2aIg
2024-03-31,Harry Potter and the Goblet of Fire,2005,https://boxd.it/29Qo
2024-03-31,Captain America: The Winter Soldier,2014,https://boxd.it/3r58
2024-03-31,The Hunger Games: Catching Fire,2013,https://boxd.it/3sAw
2024-03-31,The Witch,2015,https://boxd.it/9X0m
2024-03-31,Harry Potter and the Chamber of Secrets,2002,https://boxd.it/29QI
2024-03-31,The Prestige,2006,https://boxd.it/293w
2024-03-31,Bohemian Rhapsody,2018,https://boxd.it/f1TK
2024-03-31,The Lion King,1994,https://boxd.it/201Q
2024-03-31,Harry Potter and the Deathly Hallows: Part 2,2011,https://boxd.it/1RYk
2024-03-31,Return of the Jedi,1983,https://boxd.it/27Vm
2024-03-31,Avengers: Age of Ultron,2015,https://boxd.it/3qi6
2024-03-31,Star Wars: Episode III – Revenge of the Sith,2005,https://boxd.it/27US
2024-03-31,Ex Machina,2015,https://boxd.it/7T2k
2024-03-31,The Departed,2006,https://boxd.it/28MA
2024-03-31,Jaws,1975,https://boxd.it/2a5e
2024-03-31,The Martian,2015,https://boxd.it/8SeG
2024-03-31,Harry Potter and the Order of the Phoenix,2007,https://boxd.it/29Qe
2024-03-31,Star Wars: The Last Jedi,2017,https://boxd.it/5xme
2024-03-31,Tangled,2010,https://boxd.it/15gO
2024-03-31,Encanto,2021,https://boxd.it/kPRu
2024-03-31,Split,2016,https://boxd.it/dgSy
2024-03-31,Captain Marvel,2019,https://boxd.it/9vSA
2024-04-01,La La Land,2016,https://boxd.it/a5fa
2024-04-02,The Proposal,2009,https://boxd.it/1HiS
2024-04-02,Erin Brockovich,2000,https://boxd.it/2al2
2024-04-03,Top Gear: The Great Adventures 2,2008,https://boxd.it/lpng
2024-04-03,Top Gear: Botswana Special,2007,https://boxd.it/WfGG
2024-04-03,The Devil Wears Prada,2006,https://boxd.it/2awE
2024-04-03,Rogue One: A Star Wars Story,2016,https://boxd.it/aPvy
2024-04-03,Harry Potter and the Half-Blood Prince,2009,https://boxd.it/29FU
2024-04-03,Shrek 2,2004,https://boxd.it/29z8
2024-04-03,Harry Potter and the Deathly Hallows: Part 1,2010,https://boxd.it/1RYu
2024-04-03,Mamma Mia!,2008,https://boxd.it/1Tnq
2024-04-03,Ant-Man,2015,https://boxd.it/3vmW
2024-04-03,BlacKkKlansman,2018,https://boxd.it/hxL8
2024-04-03,Logan,2017,https://boxd.it/7Piy
2024-04-03,The Thing,1982,https://boxd.it/294O
2024-04-03,Captain America: The First Avenger,2011,https://boxd.it/28b0
2024-04-03,Saving Private Ryan,1998,https://boxd.it/29ro
2024-04-03,Pirates of the Caribbean: The Curse of the Black Pearl,2003,https://boxd.it/70G
2024-04-03,The Amazing Spider-Man,2012,https://boxd.it/27PI
2024-04-03,Star Wars: Episode I – The Phantom Menace,1999,https://boxd.it/27Vc
2024-04-03,The Worst Person in the World,2021,https://boxd.it/oyws
2024-04-03,Raiders of the Lost Ark,1981,https://boxd.it/2bbs
2024-04-03,Star Wars: The Rise of Skywalker,2019,https://boxd.it/5xlK
2024-04-03,Zootopia,2016,https://boxd.it/84xS
2024-04-03,Iron Man 3,2013,https://boxd.it/2cBQ
2024-04-03,Suicide Squad,2016,https://boxd.it/9row
2024-04-03,Star Wars: Episode II – Attack of the Clones,2002,https://boxd.it/27V2
2024-04-03,Thor,2011,https://boxd.it/1WQU
2024-04-03,Iron Man 2,2010,https://boxd.it/1WZM
2024-04-03,Moana,2016,https://boxd.it/8tfY
2024-04-03,Halloween,1978,https://boxd.it/2wRu
2024-04-03,Gladiator,2000,https://boxd.it/2b9m
2024-04-03,Spider-Man 3,2007,https://boxd.it/2a7Y
2024-04-03,Kingsman: The Secret Service,2014,https://boxd.it/6dxe
2024-04-03,Frozen,2013,https://boxd.it/3GNa
2024-04-03,The Killer,2023,https://boxd.it/u6WE
2024-04-03,The Hunger Games: Mockingjay – Part 1,2014,https://boxd.it/4hka
2024-04-03,The Conjuring,2013,https://boxd.it/4sr2
2024-04-03,All Quiet on the Western Front,2022,https://boxd.it/H08
2024-04-03,Shaun of the Dead,2004,https://boxd.it/29J8
2024-04-03,The Hangover,2009,https://boxd.it/1GjK
2024-04-03,Legally Blonde,2001,https://boxd.it/1ZNa
2024-04-03,Ocean's Eleven,2001,https://boxd.it/2aZm
2024-04-03,Wonder Woman,2017,https://boxd.it/9roG
2024-04-03,A Star Is Born,2018,https://boxd.it/aXgc
2024-04-03,The Exorcist,1973,https://boxd.it/1Yoo
2024-04-03,The Sixth Sense,1999,https://boxd.it/29Js
2024-04-03,Annihilation,2018,https://boxd.it/9yzm
2024-04-03,The Big Short,2015,https://boxd.it/ajZw
2024-04-03,Kiki's Delivery Service,1989,https://boxd.it/1JAY
2024-04-03,The Imitation Game,2014,https://boxd.it/6aig
2024-04-03,Venom,2018,https://boxd.it/b8wA
2024-04-03,Heat,1995,https://boxd.it/2bg8
2024-04-03,The Hunger Games: Mockingjay – Part 2,2015,https://boxd.it/4hk0
2024-04-03,Kung Fu Panda,2008,https://boxd.it/1Yws
2024-04-03,The Amazing Spider-Man 2,2014,https://boxd.it/3utM
2024-04-03,John Wick: Chapter 2,2017,https://boxd.it/ayGu
2024-04-03,Ready Player One,2018,https://boxd.it/aZes
2024-04-03,Top Gun,1986,https://boxd.it/29JC
2024-04-03,Thor: The Dark World,2013,https://boxd.it/2DqA
2024-04-03,It Chapter Two,2019,https://boxd.it/h10u
2024-04-03,The Lego Movie,2014,https://boxd.it/4pDO
2024-04-03,Zombieland,2009,https://boxd.it/1En6
2024-04-03,Scream VI,2023,https://boxd.it/zdfW
2024-04-03,Love Actually,2003,https://boxd.it/2aeU
2024-04-03,Smile,2022,https://boxd.it/xjfE
2024-04-03,Hot Fuzz,2007,https://boxd.it/2416
2024-04-03,Room,2015,https://boxd.it/7T0y
2024-04-03,Ford v Ferrari,2019,https://boxd.it/ce74
2024-04-03,A Quiet Place Part II,2020,https://boxd.it/iTx0
2024-04-03,Pitch Perfect,2012,https://boxd.it/3OsE
2024-04-03,Fantastic Beasts and Where to Find Them,2016,https://boxd.it/7FPC
2024-04-03,Mission: Impossible – Dead Reckoning,2023,https://boxd.it/l7zS
2024-04-03,It Follows,2014,https://boxd.it/87wo
2024-04-03,Jurassic World,2015,https://boxd.it/4n0g
2024-04-03,Wreck-It Ralph,2012,https://boxd.it/2TTS
2024-04-03,Ghostbusters,1984,https://boxd.it/g2w
2024-04-03,The Cabin in the Woods,2011,https://boxd.it/1zOc
2024-04-03,Ocean's Eight,2018,https://boxd.it/eaai
2024-04-03,Life of Pi,2012,https://boxd.it/37pC
2024-04-03,Grease,1978,https://boxd.it/29YW
2024-04-03,Pirates of the Caribbean: Dead Man's Chest,2006,https://boxd.it/2bfk
2024-04-03,Indiana Jones and the Last Crusade,1989,https://boxd.it/2baO
2024-04-03,Now You See Me,2013,https://boxd.it/2Bsu
2024-04-03,Batman v Superman: Dawn of Justice,2016,https://boxd.it/6fBW
2024-04-03,The Hobbit: An Unexpected Journey,2012,https://boxd.it/GZk
2024-04-03,Megamind,2010,https://boxd.it/16Sk
2024-04-03,X-Men: Days of Future Past,2014,https://boxd.it/4aRw
2024-04-03,Despicable Me,2010,https://boxd.it/1DD8
2024-04-03,Aquaman,2018,https://boxd.it/9ru0
2024-04-03,Shazam!,2019,https://boxd.it/8WBu
2024-04-03,The Emperor's New Groove,2000,https://boxd.it/1Tey
2024-04-03,Indiana Jones and the Temple of Doom,1984,https://boxd.it/2bb8
2024-04-03,Jumanji: Welcome to the Jungle,2017,https://boxd.it/bUeE
2024-04-03,Mission: Impossible – Fallout,2018,https://boxd.it/bSVc
2024-04-03,Home Alone 2: Lost in New York,1992,https://boxd.it/29F6
2024-04-03,Ice Age,2002,https://boxd.it/2apS
2024-04-03,Bo Burnham: Inside,2021,https://boxd.it/v2uy
2024-04-03,Man of Steel,2013,https://boxd.it/FRk
2024-04-03,Edge of Tomorrow,2014,https://boxd.it/4pD0
2024-04-03,Kick-Ass,2010,https://boxd.it/1zaQ
2024-04-03,Monty Python and the Holy Grail,1975,https://boxd.it/29GI
2024-04-03,The Maze Runner,2014,https://boxd.it/5YPM
2024-04-03,Spotlight,2015,https://boxd.it/a84k
2024-04-03,The Babadook,2014,https://boxd.it/77xu
2024-04-03,Old,2021,https://boxd.it/npKI
2024-04-03,Borat: Cultural Learnings of America for Make Benefit Glorious Nation of Kazakhstan,2006,https://boxd.it/2agQ
2024-04-03,Moneyball,2011,https://boxd.it/glS
2024-04-03,Madagascar,2005,https://boxd.it/29dc
2024-04-03,In Bruges,2008,https://boxd.it/20n8
2024-04-03,Into the Wild,2007,https://boxd.it/22m2
2024-04-04,10 Cloverfield Lane,2016,https://boxd.it/aZiu
2024-04-04,"The Chronicles of Narnia: The Lion, the Witch and the Wardrobe",2005,https://boxd.it/2ark
2024-04-04,Ted,2012,https://boxd.it/2pgc
2024-04-04,The Iron Giant,1999,https://boxd.it/1Wow
2024-04-04,The Theory of Everything,2014,https://boxd.it/7YtA
2024-04-04,Mission: Impossible,1996,https://boxd.it/29d2
2024-04-04,World War Z,2013,https://boxd.it/2p2E
2024-04-04,The Wizard of Oz,1939,https://boxd.it/29Xu
2024-04-04,X-Men: First Class,2011,https://boxd.it/FOA
2024-04-04,Pirates of the Caribbean: At World's End,2007,https://boxd.it/2aGu
2024-04-04,The Hobbit: The Desolation of Smaug,2013,https://boxd.it/nmS
2024-04-04,Cast Away,2000,https://boxd.it/20i8
2024-04-04,The Holiday,2006,https://boxd.it/28ye
2024-04-04,The Polar Express,2004,https://boxd.it/23am
2024-04-04,The Incredible Hulk,2008,https://boxd.it/28dU
2024-04-04,Pirates of the Caribbean: On Stranger Tides,2011,https://boxd.it/27Z4
2024-04-04,Fantastic Beasts: The Crimes of Grindelwald,2018,https://boxd.it/bg8G
2024-04-04,King Kong,2005,https://boxd.it/2aLa
2024-04-04,The Hobbit: The Battle of the Five Armies,2014,https://boxd.it/43aU
2024-04-04,They Shall Not Grow Old,2018,https://boxd.it/jP62
2024-04-04,Yesterday,2019,https://boxd.it/iF7M
2024-04-04,Jurassic World: Fallen Kingdom,2018,https://boxd.it/bOnU
2024-04-04,The Lost World: Jurassic Park,1997,https://boxd.it/2azS
2024-04-04,Jurassic Park III,2001,https://boxd.it/2azI
2024-04-04,X2,2003,https://boxd.it/1a7i
2024-04-04,X-Men,2000,https://boxd.it/1a7s
2024-04-04,The Wolverine,2013,https://boxd.it/2CWU
2024-04-04,Deadpool 2,2018,https://boxd.it/dlLM
2024-04-04,X-Men: Apocalypse,2016,https://boxd.it/7eJi
2024-04-04,X-Men Origins: Wolverine,2009,https://boxd.it/27ug
2024-04-04,Fantastic Four,2005,https://boxd.it/1XVw
2024-04-04,X-Men: The Last Stand,2006,https://boxd.it/1a5Q
2024-04-04,Fantastic Four: Rise of the Silver Surfer,2007,https://boxd.it/27Ii
2024-04-04,Justice League,2017,https://boxd.it/4w68
2024-04-04,Ocean's Twelve,2004,https://boxd.it/2aZ2
2024-04-04,Ocean's Thirteen,2007,https://boxd.it/2aEy
2024-04-04,Downsizing,2017,https://boxd.it/9Ajq
2024-04-04,Happy Feet Two,2011,https://boxd.it/2Om
2024-04-04,The Bourne Identity,2002,https://boxd.it/26EO
2024-04-04,Bambi,1942,https://boxd.it/25AQ
2024-04-04,The Jungle Book,1967,https://boxd.it/1YY2
2024-04-04,The Princess and the Frog,2009,https://boxd.it/1WQq
2024-04-04,Tarzan,1999,https://boxd.it/18YO
2024-04-04,Chicken Little,2005,https://boxd.it/1Xnu
2024-04-04,Kung Fu Panda 2,2011,https://boxd.it/G36
2024-04-04,The Prince of Egypt,1998,https://boxd.it/1XGQ
2024-04-04,Kung Fu Panda 3,2016,https://boxd.it/4uRQ
2024-04-04,Sinbad: Legend of the Seven Seas,2003,https://boxd.it/1Oa2
2024-04-04,Shark Tale,2004,https://boxd.it/1VYe
2024-04-04,Three Wishes for Cinderella,1973,https://boxd.it/1ZV4
2024-04-04,A Man Called Ove,2015,https://boxd.it/bHuY
2024-04-04,Curling King,2011,https://boxd.it/2xRA
2024-04-04,Kurt Turns Evil,2009,https://boxd.it/1L2Y
2024-04-04,Fast Five,2011,https://boxd.it/BgO
2024-04-04,The Fast and the Furious: Tokyo Drift,2006,https://boxd.it/1Yeo
2024-04-04,Fast & Furious 6,2013,https://boxd.it/2UG6
2024-04-04,Furious 7,2015,https://boxd.it/5cVs
2024-04-04,The Fast and the Furious,2001,https://boxd.it/1XMu
2024-04-04,Fast & Furious,2009,https://boxd.it/1Pnm
2024-04-04,2 Fast 2 Furious,2003,https://boxd.it/2a4g
2024-04-04,The Fate of the Furious,2017,https://boxd.it/bbCw
2024-04-04,Mission: Impossible – Ghost Protocol,2011,https://boxd.it/psI
2024-04-04,Mission: Impossible – Rogue Nation,2015,https://boxd.it/5rI4
2024-04-04,Mission: Impossible III,2006,https://boxd.it/29cI
2024-04-04,Mission: Impossible II,2000,https://boxd.it/29cS
2024-04-04,Extraction,2020,https://boxd.it/jUjA
2024-04-04,Watchmen,2009,https://boxd.it/1QE4
2024-04-04,A Beautiful Mind,2001,https://boxd.it/2amk
2024-04-04,Kingsman: The Golden Circle,2017,https://boxd.it/buJm
2024-04-04,The Intouchables,2011,https://boxd.it/2FT0
2024-04-04,The Lives of Others,2006,https://boxd.it/2a4A
2024-04-04,Rise of the Planet of the Apes,2011,https://boxd.it/cS4
2024-04-04,Doctor Sleep,2019,https://boxd.it/i5vI
2024-04-04,Airplane!,1980,https://boxd.it/29yu
2024-04-04,The Conjuring 2,2016,https://boxd.it/7GJg
2024-04-04,Me Before You,2016,https://boxd.it/9n98
2024-04-04,Minority Report,2002,https://boxd.it/2aWi
2024-04-04,Pacific Rim,2013,https://boxd.it/2cB2
2024-04-04,We're the Millers,2013,https://boxd.it/4srQ
2024-04-04,Hamilton,2020,https://boxd.it/kmvE
2024-04-04,Kong: Skull Island,2017,https://boxd.it/9ewM
2024-04-04,The Boy in the Striped Pyjamas,2008,https://boxd.it/1NOK
2024-04-04,Looper,2012,https://boxd.it/ham
2024-04-04,Scary Movie,2000,https://boxd.it/24CG
2024-04-04,Glass,2019,https://boxd.it/g3uO
2024-04-04,High School Musical,2006,https://boxd.it/1V0y
2024-04-04,Transformers,2007,https://boxd.it/280c
2024-04-04,Friday the 13th,1980,https://boxd.it/24fs
2024-04-04,Halloween,2018,https://boxd.it/f0uE
2024-04-04,Interview with the Vampire,1994,https://boxd.it/29XO
2024-04-04,Sinister,2012,https://boxd.it/2TnW
2024-04-04,The Conjuring: The Devil Made Me Do It,2021,https://boxd.it/eXZY
2024-04-04,Don't Breathe,2016,https://boxd.it/9yzw
2024-04-04,First Man,2018,https://boxd.it/cPym
2024-04-04,Fear Street: 1978,2021,https://boxd.it/lLBu
2024-04-04,The Simpsons Movie,2007,https://boxd.it/6YU
2024-04-04,The World's End,2013,https://boxd.it/3EiO
2024-04-04,Godzilla,2014,https://boxd.it/47OE
2024-04-04,Zombieland: Double Tap,2019,https://boxd.it/bgb6
2024-04-04,Life of Brian,1979,https://boxd.it/2a4q
2024-04-04,Sausage Party,2016,https://boxd.it/6CCe
2024-04-04,Creep,2014,https://boxd.it/7l4c
2024-04-04,127 Hours,2010,https://boxd.it/SLa
2024-04-04,Now You See Me 2,2016,https://boxd.it/99fw
2024-04-04,Poltergeist,1982,https://boxd.it/2a0o
2024-04-04,The Interview,2014,https://boxd.it/6KQ4
2024-04-04,Lion,2016,https://boxd.it/b2La
2024-04-04,Halloween Kills,2021,https://boxd.it/mxzG
2024-04-04,Godzilla: King of the Monsters,2019,https://boxd.it/cY7Y
2024-04-04,Fear Street: 1666,2021,https://boxd.it/lLBE
2024-04-04,Jumanji: The Next Level,2019,https://boxd.it/ixu4
2024-04-04,Amsterdam,2022,https://boxd.it/oJ58
2024-04-04,The Meg,2018,https://boxd.it/bAL4
2024-04-04,High School Musical 2,2007,https://boxd.it/1PIu
2024-04-04,The Da Vinci Code,2006,https://boxd.it/2a3i
2024-04-04,"As Above, So Below",2014,https://boxd.it/7yui
2024-04-04,Contagion,2011,https://boxd.it/13rq
2024-04-04,Gattaca,1997,https://boxd.it/29Du
2024-04-04,Dumb and Dumber,1994,https://boxd.it/206m
2024-04-04,Run,2020,https://boxd.it/jVM4
2024-04-04,Ice Age: The Meltdown,2006,https://boxd.it/2wRk
2024-04-04,Ice Age: Dawn of the Dinosaurs,2009,https://boxd.it/20iC
2024-04-04,Ice Age: Continental Drift,2012,https://boxd.it/lQ2
2024-04-09,Top Gear: Polar Special,2007,https://boxd.it/fuUi
2024-04-11,The 40 Year Old Virgin,2005,https://boxd.it/21hK
2024-04-15,Superbad,2007,https://boxd.it/20hO
2024-04-22,10 Things I Hate About You,1999,https://boxd.it/23AO
2024-04-26,Zack Snyder's Justice League,2021,https://boxd.it/tLOk
2024-05-09,The Fugitive,1993,https://boxd.it/230G
2024-05-19,Bridesmaids,2011,https://boxd.it/rac
2024-05-20,Neighbors,2014,https://boxd.it/5Txe
2024-05-23,(500) Days of Summer,2009,https://boxd.it/1EmM
2024-05-24,Black Swan,2010,https://boxd.it/Sw0
2024-05-30,Taken,2008,https://boxd.it/1ZXa
2024-05-31,Barbarian,2022,https://boxd.it/yohi
2024-06-06,Brokeback Mountain,2005,https://boxd.it/2b2q
2024-06-15,Escape Room,2019,https://boxd.it/iYlS
2024-06-17,Scream,2022,https://boxd.it/o0lg
2024-06-17,Ouija: Origin of Evil,2016,https://boxd.it/b5EG
2024-06-18,Ouija,2014,https://boxd.it/77SM
2024-06-19,Hush,2016,https://boxd.it/d5ys
2024-06-22,Bodies Bodies Bodies,2022,https://boxd.it/iRcE
2024-06-23,Wonka,2023,https://boxd.it/tCQm
2024-06-23,The Possession of Hannah Grace,2018,https://boxd.it/fpVg
2024-06-25,The Ruins,2008,https://boxd.it/1UvA
2024-06-26,The Watchers,2024,https://boxd.it/F6Rw
2024-06-29,The Invitation,2022,https://boxd.it/vkfc
2024-06-30,The Good Nurse,2022,https://boxd.it/jIXI
2024-07-05,Twilight,2008,https://boxd.it/1Zui
2024-07-14,The Twilight Saga: New Moon,2009,https://boxd.it/1Hj2
2024-07-14,Challengers,2024,https://boxd.it/zld0
2024-07-14,The Guilty,2021,https://boxd.it/kOPW
2024-07-14,The Day After Tomorrow,2004,https://boxd.it/2aog
2024-07-14,Life,2017,https://boxd.it/dRqG
2024-07-14,Everest,2015,https://boxd.it/7r7Q
2024-07-14,Blood Diamond,2006,https://boxd.it/28Tm
2024-07-16,The Terminal,2004,https://boxd.it/2a2O
2024-07-16,Apollo 13,1995,https://boxd.it/2a6G
2024-07-23,Twisters,2024,https://boxd.it/qV7a
2024-08-03,Longlegs,2024,https://boxd.it/KzLM
2024-08-13,Evil Dead Rise,2023,https://boxd.it/qIvo
2024-09-01,Lost in Translation,2003,https://boxd.it/2b0E
2024-09-09,It Ends with Us,2024,https://boxd.it/ENjg
2024-09-15,The Godfather,1972,https://boxd.it/2aNK
2024-09-16,The Parent Trap,1998,https://boxd.it/1XJq
2024-10-01,Halloween II,1981,https://boxd.it/1UeE
2024-10-03,Dark Windows,2023,https://boxd.it/FcMC
2024-10-04,The Dreamer,2019,https://boxd.it/nf1o
2024-10-05,The Ritual,2017,https://boxd.it/fo0I
2024-10-07,The Blair Witch Project,1999,https://boxd.it/26ua
2024-10-08,Truth or Dare,2018,https://boxd.it/grIA
2024-10-10,Meg 2: The Trench,2023,https://boxd.it/mLvo
2024-10-14,The Texas Chain Saw Massacre,1974,https://boxd.it/1lcS
2024-10-15,Aftermath,2021,https://boxd.it/sFqO
2024-10-17,The Nun,2018,https://boxd.it/fBkw
2024-10-21,You're Next,2011,https://boxd.it/2WWK
2024-10-21,Annabelle: Creation,2017,https://boxd.it/dSxe
2024-10-21,Annabelle Comes Home,2019,https://boxd.it/iU5m
2024-10-21,Annabelle,2014,https://boxd.it/7l84
2024-11-03,Heretic,2024,https://boxd.it/H1lY
2024-11-04,The Twilight Saga: Eclipse,2010,https://boxd.it/1ytW
2024-11-08,Little Women,2019,https://boxd.it/aSVk
2024-11-09,"Love, Death & Robots: Bad Travelling",2022,https://boxd.it/BykM
2024-11-10,The Game,1997,https://boxd.it/26vC
2024-11-13,The Grand Tour: One For The Road,2024,https://boxd.it/PHde
2024-11-14,Loveable,2024,https://boxd.it/EXuo
2024-11-16,Smile 2,2024,https://boxd.it/FDA4
2024-11-18,"tick, tick... BOOM!",2021,https://boxd.it/jz2e
2024-11-21,Gladiator II,2024,https://boxd.it/kqQQ
2024-11-22,Free Solo,2018,https://boxd.it/iEEq
2024-11-24,The Pinchcliffe Grand Prix,1975,https://boxd.it/hJe6
2024-11-30,The Snow Sister,2024,https://boxd.it/QzxM
2024-12-03,Conclave,2024,https://boxd.it/AO8q
2024-12-07,Wicked,2024,https://boxd.it/e8ME
2024-12-09,The Angry Birds Movie,2016,https://boxd.it/4PBu
2024-12-16,The Wave,2008,https://boxd.it/20OS
2024-12-23,Watcher,2022,https://boxd.it/uocO
2025-01-04,The First Omen,2024,https://boxd.it/fx08
2025-01-05,The Substance,2024,https://boxd.it/zanS
2025-01-08,Ready or Not,2019,https://boxd.it/kOf0
2025-01-08,Basic Instinct,1992,https://boxd.it/2asM
2025-01-10,Dinner for One,1963,https://boxd.it/21Yu
2025-01-11,Nosferatu,2024,https://boxd.it/f5eG
2025-01-16,Another Round,2020,https://boxd.it/lkba
2025-01-19,About Time,2013,https://boxd.it/43bI
2025-01-27,After Earth,2013,https://boxd.it/2TSg
2025-01-28,We Live in Time,2024,https://boxd.it/FC5u
2025-02-01,Babygirl,2024,https://boxd.it/Fvai
2025-02-02,John Carter,2012,https://boxd.it/FQ2
2025-02-02,SOS: Summer of Suspense,2008,https://boxd.it/47uE
2025-02-02,The Ten Lives of Titanic the Cat,2007,https://boxd.it/OsS
2025-02-02,Orphan,2009,https://boxd.it/1CgM
2025-02-03,How to Lose a Guy in 10 Days,2003,https://boxd.it/1XwG
2025-02-16,Lucy,2014,https://boxd.it/75hu
2025-02-16,The Jungle Book,2016,https://boxd.it/8wjk
2025-03-09,"Crazy, Stupid, Love.",2011,https://boxd.it/D9A
2025-03-22,M3GAN,2022,https://boxd.it/jxmG
2025-03-25,Michael Clayton,2007,https://boxd.it/2466
2025-04-02,Hidden Figures,2016,https://boxd.it/dgS4
2025-04-05,The Handmaiden,2016,https://boxd.it/948A
2025-04-16,Room 237,2012,https://boxd.it/2Y46
2025-04-22,Companion,2025,https://boxd.it/F04o
2025-04-25,Something's Gotta Give,2003,https://boxd.it/21gC
2025-05-03,Drop,2025,https://boxd.it/LyPq
2025-05-14,Underwater,2020,https://boxd.it/fN4q
2025-05-23,Mission: Impossible – The Final Reckoning,2025,https://boxd.it/l7A2
2025-05-25,Pride & Prejudice,2005,https://boxd.it/24u8
2025-05-28,American Sniper,2014,https://boxd.it/5LDy
2025-05-28,Escape from Alcatraz,1979,https://boxd.it/1Vwk
2025-05-29,Mickey 17,2025,https://boxd.it/q1Dk
2025-06-16,Juror #2,2024,https://boxd.it/FRwU
2025-06-23,A Few Good Men,1992,https://boxd.it/29nw
2025-07-01,Insidious,2010,https://boxd.it/H4k
2025-07-02,Anchorman: The Legend of Ron Burgundy,2004,https://boxd.it/1ZVo
2025-07-03,Alone,2020,https://boxd.it/ir2y
2025-07-04,F1,2025,https://boxd.it/yjVM
2025-07-06,Eyes Wide Shut,1999,https://boxd.it/2axs
2025-07-07,The Evil Next Door,2020,https://boxd.it/sg9e
2025-07-09,Scream 2,1997,https://boxd.it/24Es
2025-07-12,Trap,2024,https://boxd.it/D4nK
2025-07-20,"Oslo, August 31st",2011,https://boxd.it/2xQC
2025-07-27,Scream 3,2000,https://boxd.it/24Ei
2025-07-28,Sunshine,2007,https://boxd.it/28Xy
2025-07-28,Spiderhead,2022,https://boxd.it/mLsO
2025-07-29,Scream 4,2011,https://boxd.it/Zmc
2025-08-02,Five Nights at Freddy's,2023,https://boxd.it/ikHu
2025-08-12,Children of Men,2006,https://boxd.it/1Y2i
2025-08-13,Zoolander,2001,https://boxd.it/1YMA
2025-08-16,The Firm,1993,https://boxd.it/18JY
2025-08-26,The Grand Budapest Hotel,2014,https://boxd.it/3ZqO
2025-08-27,Weapons,2025,https://boxd.it/EMTM
2025-08-28,The Haunting of Bly Manor,2020,https://boxd.it/rUdS
2025-08-28,Midnight Mass,2021,https://boxd.it/wvVA
2025-08-28,The Fall of the House of Usher,2023,https://boxd.it/IWYg
2025-08-28,The Haunting of Hill House,2018,https://boxd.it/kfJ0
2025-08-31,Before Sunrise,1995,https://boxd.it/2bcU
2025-09-10,Alvin and the Chipmunks,2007,https://boxd.it/21E0
2025-09-10,Big Stan,2007,https://boxd.it/1QGY
2025-09-12,The Conjuring: Last Rites,2025,https://boxd.it/Dh8e
2025-09-13,Matilda,1996,https://boxd.it/1VhY
2025-09-15,Sentimental Value,2025,https://boxd.it/GwcG
